SECTOR_CENTROID	SECTOR_ID	CITY
[-46.65673408788775, -23.627795443020414]	355030815000030	CAMPO-BELO
[-46.67813327081255, -23.63252470154545]	355030815000045	CAMPO-BELO
[-46.68266665576029, -23.62866895948147]	355030815000046	CAMPO-BELO
[-46.675657750997644, -23.63656774896523]	355030815000116	CAMPO-BELO
[-46.68049277666104, -23.626714509539497]	355030815000047	CAMPO-BELO
[-46.66317782752906, -23.618962220142897]	355030815000057	CAMPO-BELO
[-46.67390671708439, -23.613376821304797]	355030815000095	CAMPO-BELO
[-46.67620670975489, -23.612012818657213]	355030815000094	CAMPO-BELO
[-46.66586838483331, -23.637053813585894]	355030815000038	CAMPO-BELO
[-46.66484024875594, -23.63592317279887]	355030815000015	CAMPO-BELO
[-46.676208561108666, -23.626489177096815]	355030815000022	CAMPO-BELO
[-46.672434872071236, -23.629751905393576]	355030815000006	CAMPO-BELO
[-46.679689952533366, -23.624130061232478]	355030815000117	CAMPO-BELO
[-46.67531191323715, -23.63104064742479]	355030815000020	CAMPO-BELO
[-46.67726205868773, -23.62885531954212]	355030815000021	CAMPO-BELO
[-46.668430564016, -23.617058313837095]	355030815000097	CAMPO-BELO
[-46.65253461397235, -23.6382444079718]	355030815000079	CAMPO-BELO
[-46.663326171489814, -23.623772072377758]	355030815000059	CAMPO-BELO
[-46.663800337737364, -23.625239469943093]	355030815000060	CAMPO-BELO
[-46.67331732610177, -23.632973420899543]	355030815000019	CAMPO-BELO
[-46.65411456887318, -23.63697270175877]	355030815000078	CAMPO-BELO
[-46.66690617491964, -23.62862181551427]	355030815000002	CAMPO-BELO
[-46.665887576014356, -23.617569515763915]	355030815000098	CAMPO-BELO
[-46.66015823280984, -23.636356373750182]	355030815000063	CAMPO-BELO
[-46.66996136264415, -23.642378863257246]	355030815000065	CAMPO-BELO
[-46.67108553660629, -23.614579853390065]	355030815000096	CAMPO-BELO
[-46.682203790941436, -23.620432280949306]	355030815000083	CAMPO-BELO
[-46.671302745924194, -23.635830615749338]	355030815000017	CAMPO-BELO
[-46.6749240388086, -23.63960164408738]	355030815000068	CAMPO-BELO
[-46.67047053463089, -23.61618620721255]	355030815000138	CAMPO-BELO
[-46.677617656480905, -23.622915309750535]	355030815000048	CAMPO-BELO
[-46.681631031745354, -23.63166027650676]	355030815000069	CAMPO-BELO
[-46.66723827478898, -23.62372915637698]	355030815000027	CAMPO-BELO
[-46.672729971628335, -23.63449269589403]	355030815000106	CAMPO-BELO
[-46.674727977103956, -23.62513544159889]	355030815000023	CAMPO-BELO
[-46.65706403189386, -23.635543476235114]	355030815000061	CAMPO-BELO
[-46.673690001922395, -23.64154989216006]	355030815000067	CAMPO-BELO
[-46.68131381356828, -23.62307210422747]	355030815000072	CAMPO-BELO
[-46.68537623499612, -23.62641353410966]	355030815000070	CAMPO-BELO
[-46.671510525896906, -23.619301534958343]	355030815000053	CAMPO-BELO
[-46.656477216552716, -23.63941795833693]	355030815000080	CAMPO-BELO
[-46.66588164315196, -23.625639035345316]	355030815000028	CAMPO-BELO
[-46.66709408468624, -23.641242749127255]	355030815000122	CAMPO-BELO
[-46.65774251629879, -23.633257219056187]	355030815000033	CAMPO-BELO
[-46.66764918334637, -23.626204007572102]	355030815000010	CAMPO-BELO
[-46.67175356136875, -23.641414716867356]	355030815000043	CAMPO-BELO
[-46.67711577645381, -23.61783625347147]	355030815000085	CAMPO-BELO
[-46.66802811347048, -23.64001140669537]	355030815000064	CAMPO-BELO
[-46.6592931959235, -23.640760334288913]	355030815000082	CAMPO-BELO
[-46.673284488948454, -23.637638050391104]	355030815000044	CAMPO-BELO
[-46.66508301703815, -23.631453203820424]	355030815000013	CAMPO-BELO
[-46.6691772388045, -23.628471858982408]	355030815000101	CAMPO-BELO
[-46.65787452706539, -23.637561269449908]	355030815000121	CAMPO-BELO
[-46.66289956806998, -23.63465544021488]	355030815000037	CAMPO-BELO
[-46.673795060922416, -23.62361539033567]	355030815000024	CAMPO-BELO
[-46.66929587741106, -23.619231096600117]	355030815000054	CAMPO-BELO
[-46.666869399575894, -23.63235664081787]	355030815000014	CAMPO-BELO
[-46.66712275126032, -23.630538409139596]	355030815000012	CAMPO-BELO
[-46.65818600822855, -23.639968301900677]	355030815000081	CAMPO-BELO
[-46.67985254656464, -23.618418872347192]	355030815000084	CAMPO-BELO
[-46.6672091084597, -23.633373152028625]	355030815000104	CAMPO-BELO
[-46.6602920908604, -23.633993247129528]	355030815000034	CAMPO-BELO
[-46.67160622360824, -23.620942858614086]	355030815000052	CAMPO-BELO
[-46.66445010372356, -23.627509175362484]	355030815000011	CAMPO-BELO
[-46.65934433538296, -23.637592205504568]	355030815000062	CAMPO-BELO
[-46.67746401089044, -23.615467981286173]	355030815000092	CAMPO-BELO
[-46.66650072982382, -23.639139942118703]	355030815000113	CAMPO-BELO
[-46.67863564382876, -23.616343955514793]	355030815000091	CAMPO-BELO
[-46.67229488929637, -23.639275443288962]	355030815000115	CAMPO-BELO
[-46.67966445860365, -23.620319961340982]	355030815000131	CAMPO-BELO
[-46.666155778909676, -23.619174615578093]	355030815000099	CAMPO-BELO
[-46.67535163627843, -23.616249195165306]	355030815000086	CAMPO-BELO
[-46.666456819103225, -23.620668748833875]	355030815000055	CAMPO-BELO
[-46.665736513993096, -23.63865923876799]	355030815000039	CAMPO-BELO
[-46.67284606716463, -23.616852785557068]	355030815000087	CAMPO-BELO
[-46.6633623141317, -23.622179259910297]	355030815000058	CAMPO-BELO
[-46.66918045977134, -23.622566357142844]	355030815000108	CAMPO-BELO
[-46.67602568627688, -23.62078662983326]	355030815000075	CAMPO-BELO
[-46.66875982060261, -23.621048573116067]	355030815000120	CAMPO-BELO
[-46.663997386293545, -23.63405176968885]	355030815000036	CAMPO-BELO
[-46.67079642892343, -23.625888870867822]	355030815000102	CAMPO-BELO
[-46.671698057637, -23.624715508214067]	355030815000025	CAMPO-BELO
[-46.665434317179276, -23.621629941093172]	355030815000142	CAMPO-BELO
[-46.68170195952429, -23.6218134874142]	355030815000130	CAMPO-BELO
[-46.66933359760219, -23.639267931718706]	355030815000114	CAMPO-BELO
[-46.67018931134321, -23.638584591371423]	355030815000041	CAMPO-BELO
[-46.670015483947346, -23.63685401964793]	355030815000105	CAMPO-BELO
[-46.66989453071407, -23.627145247957653]	355030815000100	CAMPO-BELO
[-46.677412983811, -23.61251661634912]	355030815000093	CAMPO-BELO
[-46.65478830933443, -23.639887461118303]	355030815000133	CAMPO-BELO
[-46.672329287992355, -23.626442719251667]	355030815000008	CAMPO-BELO
[-46.66988746625504, -23.63414426536194]	355030815000018	CAMPO-BELO
[-46.66214107307448, -23.632820972178806]	355030815000112	CAMPO-BELO
[-46.66329688752618, -23.632143738913708]	355030815000035	CAMPO-BELO
[-46.672660875981975, -23.62744158772135]	355030815000007	CAMPO-BELO
[-46.6709849389478, -23.643847940432714]	355030815000066	CAMPO-BELO
[-46.68522991050485, -23.624603024033902]	355030815000128	CAMPO-BELO
[-46.670868602630605, -23.628663823458364]	355030815000001	CAMPO-BELO
[-46.67728736100646, -23.620475114138177]	355030815000074	CAMPO-BELO
[-46.67504722439815, -23.618110206787104]	355030815000135	CAMPO-BELO
[-46.67369297812672, -23.61502184870727]	355030815000140	CAMPO-BELO
[-46.67817331503985, -23.619754915131136]	355030815000073	CAMPO-BELO
[-46.661577518503364, -23.63560742584694]	355030815000111	CAMPO-BELO
[-46.67142187814683, -23.62308939770018]	355030815000119	CAMPO-BELO
[-46.67416041217277, -23.6188083910131]	355030815000088	CAMPO-BELO
[-46.6755428752769, -23.62187359826161]	355030815000049	CAMPO-BELO
[-46.67067619152339, -23.622293289937875]	355030815000026	CAMPO-BELO
[-46.66847675189735, -23.637054867639037]	355030815000040	CAMPO-BELO
[-46.68334530681643, -23.625216242999052]	355030815000124	CAMPO-BELO
[-46.66463092585325, -23.619836498459694]	355030815000056	CAMPO-BELO
[-46.671694033555994, -23.64017418804897]	355030815000042	CAMPO-BELO
[-46.68324053325906, -23.623433760119337]	355030815000126	CAMPO-BELO
[-46.68407824088715, -23.622731267976484]	355030815000071	CAMPO-BELO
[-46.68429315453822, -23.62444058131427]	355030815000127	CAMPO-BELO
[-46.67616664041038, -23.619290770946627]	355030815000132	CAMPO-BELO
[-46.680345426639505, -23.61733350582482]	355030815000139	CAMPO-BELO
[-46.67392345286663, -23.616922632602414]	355030815000134	CAMPO-BELO
[-46.674420520968255, -23.620687693184685]	355030815000076	CAMPO-BELO
[-46.67270673532961, -23.62206040677885]	355030815000051	CAMPO-BELO
[-46.67356069900188, -23.621374455116033]	355030815000077	CAMPO-BELO
[-46.64856566897261, -23.630563256082382]	355030815000031	CAMPO-BELO
[-46.67431158692444, -23.62216705267052]	355030815000050	CAMPO-BELO
[-46.67013871047238, -23.624118361934364]	355030815000107	CAMPO-BELO
[-46.67345391194007, -23.622853159638314]	355030815000118	CAMPO-BELO
[-46.6692785184697, -23.624799300429807]	355030815000009	CAMPO-BELO
[-46.673674916762614, -23.6198938147572]	355030815000136	CAMPO-BELO
[-46.67293214446171, -23.619103201476243]	355030815000089	CAMPO-BELO
[-46.66290797324513, -23.627162918600437]	355030815000029	CAMPO-BELO
[-46.672231737951705, -23.630311051601048]	355030815000005	CAMPO-BELO
[-46.6700592492105, -23.63223732014567]	355030815000004	CAMPO-BELO
[-46.670652076797886, -23.632773142195585]	355030815000141	CAMPO-BELO
[-46.679430217278366, -23.616443034294427]	355030815000090	CAMPO-BELO
[-46.679975410279816, -23.616481027768653]	355030815000137	CAMPO-BELO
[-46.67142130259339, -23.631946047514557]	355030815000146	CAMPO-BELO
[-46.669057097486046, -23.63032725799643]	355030815000003	CAMPO-BELO
[-46.65550591911125, -23.633822833329187]	355030815000032	CAMPO-BELO
[-46.67703446666179, -23.625286615881507]	355030815000147	CAMPO-BELO
[-46.67659925628717, -23.624248671468376]	355030815000148	CAMPO-BELO
[-46.68494298817697, -23.62635495004726]	355030815000123	CAMPO-BELO
[-46.68389060669298, -23.624735258787833]	355030815000125	CAMPO-BELO
[-46.68486777879831, -23.62395707817477]	355030815000129	CAMPO-BELO
[-46.66116909564264, -23.634735956343917]	355030815000110	CAMPO-BELO
[-46.66548298972343, -23.627526848072463]	355030815000103	CAMPO-BELO
[-46.66296058323016, -23.62737195675357]	355030815000109	CAMPO-BELO
[-46.66945537164336, -23.631090495201253]	355030815000143	CAMPO-BELO
[-46.66925853115469, -23.632608689855157]	355030815000144	CAMPO-BELO
[-46.65628326713024, -23.634143869660086]	355030815000145	CAMPO-BELO
[-46.667868771448475, -23.634741540542997]	355030815000016	CAMPO-BELO
[-46.629437255360465, -23.646732914220433]	355030838000198	JABAQUARA
[-46.64206844851361, -23.65235270963464]	355030838000027	JABAQUARA
[-46.633608597464146, -23.66782777487223]	355030838000207	JABAQUARA
[-46.63821867141855, -23.648287359792782]	355030838000092	JABAQUARA
[-46.63358082205896, -23.63036212980299]	355030838000245	JABAQUARA
[-46.66110415886257, -23.661706998013635]	355030838000114	JABAQUARA
[-46.66687572651045, -23.65287247041589]	355030838000173	JABAQUARA
[-46.642545616387466, -23.64068585724687]	355030838000089	JABAQUARA
[-46.63783490449527, -23.64065190800223]	355030838000194	JABAQUARA
[-46.66321446772488, -23.643698764573735]	355030838000226	JABAQUARA
[-46.6344242833664, -23.647231893607362]	355030838000149	JABAQUARA
[-46.634979292486165, -23.64986410166745]	355030838000150	JABAQUARA
[-46.633268423604804, -23.645131674883423]	355030838000197	JABAQUARA
[-46.644399035725854, -23.65079936944037]	355030838000025	JABAQUARA
[-46.64417561001608, -23.645711832551214]	355030838000049	JABAQUARA
[-46.63119876492051, -23.638889518073384]	355030838000251	JABAQUARA
[-46.6345554152932, -23.654771698709773]	355030838000152	JABAQUARA
[-46.647466038245966, -23.6383930532262]	355030838000135	JABAQUARA
[-46.64670655659621, -23.644814021753064]	355030838000084	JABAQUARA
[-46.64754564815071, -23.64877125919274]	355030838000048	JABAQUARA
[-46.646084984584036, -23.639806716324074]	355030838000134	JABAQUARA
[-46.65143662908091, -23.657565272675896]	355030838000014	JABAQUARA
[-46.658363276986265, -23.650340879787954]	355030838000040	JABAQUARA
[-46.65500029782778, -23.655869791505204]	355030838000038	JABAQUARA
[-46.635992569228485, -23.642574070108246]	355030838000195	JABAQUARA
[-46.63193062123618, -23.664399222420847]	355030838000306	JABAQUARA
[-46.64993053738722, -23.651805005879147]	355030838000005	JABAQUARA
[-46.64392447933331, -23.63110881591267]	355030838000232	JABAQUARA
[-46.65037639499252, -23.655239081614766]	355030838000002	JABAQUARA
[-46.64271261478265, -23.636001607345637]	355030838000185	JABAQUARA
[-46.66072425784555, -23.659550681747913]	355030838000115	JABAQUARA
[-46.641988039248204, -23.646211841060044]	355030838000091	JABAQUARA
[-46.65268916084275, -23.641237048364015]	355030838000131	JABAQUARA
[-46.644672423602756, -23.638061226736582]	355030838000137	JABAQUARA
[-46.63734223974757, -23.646191167688013]	355030838000148	JABAQUARA
[-46.64957978291859, -23.644311331727707]	355030838000083	JABAQUARA
[-46.65714860800244, -23.654323130879312]	355030838000017	JABAQUARA
[-46.65805761764655, -23.659134007121676]	355030838000068	JABAQUARA
[-46.634812062429376, -23.63998534002797]	355030838000253	JABAQUARA
[-46.637571066904506, -23.64457678691479]	355030838000147	JABAQUARA
[-46.63714957482491, -23.66679862611118]	355030838000209	JABAQUARA
[-46.662452883439926, -23.649273531627905]	355030838000122	JABAQUARA
[-46.64817750697025, -23.647666937618364]	355030838000047	JABAQUARA
[-46.64783222400931, -23.635603709265407]	355030838000181	JABAQUARA
[-46.642335120964006, -23.64339204189089]	355030838000090	JABAQUARA
[-46.654062816209155, -23.645271911312047]	355030838000081	JABAQUARA
[-46.63313359281934, -23.662187372497804]	355030838000202	JABAQUARA
[-46.637624537607586, -23.652750602084076]	355030838000094	JABAQUARA
[-46.668577295900334, -23.64966794832586]	355030838000216	JABAQUARA
[-46.63698009647679, -23.65136219458847]	355030838000093	JABAQUARA
[-46.63177845236816, -23.642433218088286]	355030838000256	JABAQUARA
[-46.64770070510489, -23.632884901872885]	355030838000310	JABAQUARA
[-46.64325215222074, -23.65742791748561]	355030838000028	JABAQUARA
[-46.668025432178965, -23.643384324161456]	355030838000274	JABAQUARA
[-46.646688272254146, -23.65439486329103]	355030838000007	JABAQUARA
[-46.63300592662374, -23.63925838447717]	355030838000252	JABAQUARA
[-46.6671135247375, -23.64436618190026]	355030838000273	JABAQUARA
[-46.646280899291014, -23.65004075710919]	355030838000024	JABAQUARA
[-46.64680586487449, -23.634482373158605]	355030838000182	JABAQUARA
[-46.660166415836095, -23.649021061091183]	355030838000075	JABAQUARA
[-46.63720795580348, -23.658479987426123]	355030838000155	JABAQUARA
[-46.63478640905073, -23.631850526328414]	355030838000243	JABAQUARA
[-46.645542423460924, -23.634123314289553]	355030838000183	JABAQUARA
[-46.636620202245005, -23.661904139852535]	355030838000204	JABAQUARA
[-46.6462316808442, -23.641920713889345]	355030838000287	JABAQUARA
[-46.65847233190926, -23.653233865524662]	355030838000283	JABAQUARA
[-46.67014801208377, -23.6471880178212]	355030838000217	JABAQUARA
[-46.65700215702582, -23.646565056327308]	355030838000286	JABAQUARA
[-46.65889661170439, -23.647250156117728]	355030838000076	JABAQUARA
[-46.663876107676444, -23.65018237284227]	355030838000176	JABAQUARA
[-46.63529018240805, -23.65865723116331]	355030838000201	JABAQUARA
[-46.6536676043258, -23.661362526632857]	355030838000064	JABAQUARA
[-46.662956492682106, -23.646114529001217]	355030838000309	JABAQUARA
[-46.64530791120829, -23.663619267514324]	355030838000109	JABAQUARA
[-46.65427042365044, -23.65882796343509]	355030838000036	JABAQUARA
[-46.64152960653533, -23.659163255874528]	355030838000102	JABAQUARA
[-46.63481613581366, -23.630823136668003]	355030838000244	JABAQUARA
[-46.636515061273286, -23.635317716279637]	355030838000190	JABAQUARA
[-46.64332051457069, -23.632791442189518]	355030838000233	JABAQUARA
[-46.63411849522459, -23.6378655406639]	355030838000193	JABAQUARA
[-46.63652867057435, -23.637793204389595]	355030838000192	JABAQUARA
[-46.63126283250216, -23.634400991458293]	355030838000247	JABAQUARA
[-46.64395546723709, -23.63441869999463]	355030838000184	JABAQUARA
[-46.63421309091918, -23.63539185676839]	355030838000249	JABAQUARA
[-46.660337906859354, -23.651474544728845]	355030838000074	JABAQUARA
[-46.66082535028417, -23.643736252966047]	355030838000180	JABAQUARA
[-46.64688968352263, -23.658214991357273]	355030838000010	JABAQUARA
[-46.637487700674676, -23.656755357260497]	355030838000154	JABAQUARA
[-46.64909822480741, -23.65436424363969]	355030838000001	JABAQUARA
[-46.65881370248448, -23.657913416814313]	355030838000069	JABAQUARA
[-46.653799920067335, -23.65502514666266]	355030838000015	JABAQUARA
[-46.638713432057536, -23.636481171465725]	355030838000140	JABAQUARA
[-46.64008908222883, -23.660675883408366]	355030838000103	JABAQUARA
[-46.64117712584881, -23.67074286524647]	355030838000270	JABAQUARA
[-46.65688853795635, -23.648395030370057]	355030838000041	JABAQUARA
[-46.65299124819258, -23.65284456193203]	355030838000004	JABAQUARA
[-46.64962043171532, -23.640670748114687]	355030838000133	JABAQUARA
[-46.64259954372541, -23.662203921529862]	355030838000105	JABAQUARA
[-46.64811151463039, -23.63690813476848]	355030838000136	JABAQUARA
[-46.65227704033907, -23.653920704445355]	355030838000003	JABAQUARA
[-46.63373836181557, -23.659615208225183]	355030838000352	JABAQUARA
[-46.636382038478374, -23.66300615070527]	355030838000303	JABAQUARA
[-46.64979992258869, -23.66159118666695]	355030838000032	JABAQUARA
[-46.638960680926125, -23.668700842271832]	355030838000211	JABAQUARA
[-46.6457043342792, -23.662286650159587]	355030838000055	JABAQUARA
[-46.6680233663218, -23.651009468640908]	355030838000215	JABAQUARA
[-46.66535795818863, -23.645402207232888]	355030838000225	JABAQUARA
[-46.64777819598095, -23.663576539673553]	355030838000056	JABAQUARA
[-46.64912558695921, -23.646509081705695]	355030838000046	JABAQUARA
[-46.64051155106066, -23.657924501410815]	355030838000101	JABAQUARA
[-46.65079814467338, -23.665882206518564]	355030838000301	JABAQUARA
[-46.64803639592267, -23.666031006478285]	355030838000170	JABAQUARA
[-46.66385061166229, -23.657084840368046]	355030838000116	JABAQUARA
[-46.66098995155991, -23.654188138356993]	355030838000072	JABAQUARA
[-46.63843184645011, -23.662503623162728]	355030838000157	JABAQUARA
[-46.65082354870112, -23.64828131235693]	355030838000022	JABAQUARA
[-46.65398030289921, -23.662958131433033]	355030838000285	JABAQUARA
[-46.66474564357777, -23.655405645131058]	355030838000172	JABAQUARA
[-46.65533271584517, -23.642939534066883]	355030838000130	JABAQUARA
[-46.652652330746676, -23.64366716842051]	355030838000346	JABAQUARA
[-46.65889224597648, -23.65598447229423]	355030838000071	JABAQUARA
[-46.64055482146699, -23.656176350206938]	355030838000099	JABAQUARA
[-46.6567239409621, -23.65241889878314]	355030838000039	JABAQUARA
[-46.638967968654455, -23.638614003580734]	355030838000141	JABAQUARA
[-46.63411348633829, -23.64163255035917]	355030838000254	JABAQUARA
[-46.64877370472183, -23.632363109669264]	355030838000231	JABAQUARA
[-46.6501692745437, -23.64178855391167]	355030838000132	JABAQUARA
[-46.66533165865403, -23.65113524622149]	355030838000175	JABAQUARA
[-46.65534619111267, -23.651758435636747]	355030838000018	JABAQUARA
[-46.64368400632205, -23.663721817426637]	355030838000106	JABAQUARA
[-46.64001601966684, -23.665696093026128]	355030838000160	JABAQUARA
[-46.654482220815346, -23.651087075147498]	355030838000019	JABAQUARA
[-46.664934037829035, -23.641648774163464]	355030838000275	JABAQUARA
[-46.662810844727126, -23.657246462533422]	355030838000117	JABAQUARA
[-46.64196040839609, -23.632279275107567]	355030838000234	JABAQUARA
[-46.64015173460992, -23.644830969922094]	355030838000351	JABAQUARA
[-46.6478804088976, -23.66130867283795]	355030838000031	JABAQUARA
[-46.638999401436664, -23.642981138487784]	355030838000145	JABAQUARA
[-46.650427365566564, -23.64581415915216]	355030838000045	JABAQUARA
[-46.66552436070326, -23.649228200393136]	355030838000177	JABAQUARA
[-46.635623278704024, -23.636473961572687]	355030838000250	JABAQUARA
[-46.65370056097849, -23.65001095637239]	355030838000280	JABAQUARA
[-46.64829037491013, -23.65956409670387]	355030838000012	JABAQUARA
[-46.65760265961756, -23.66215325418918]	355030838000113	JABAQUARA
[-46.65077150715311, -23.65981882793415]	355030838000034	JABAQUARA
[-46.63678558731669, -23.670324947942888]	355030838000267	JABAQUARA
[-46.65197239514349, -23.664482087850786]	355030838000062	JABAQUARA
[-46.65301505658025, -23.659591816893567]	355030838000339	JABAQUARA
[-46.66310052108103, -23.639857076976295]	355030838000277	JABAQUARA
[-46.65968744838467, -23.6424501824396]	355030838000304	JABAQUARA
[-46.640555816598706, -23.635110995135676]	355030838000186	JABAQUARA
[-46.6547366903469, -23.64862666777743]	355030838000340	JABAQUARA
[-46.651027979310044, -23.64258066840783]	355030838000308	JABAQUARA
[-46.66171187302335, -23.64765101267238]	355030838000123	JABAQUARA
[-46.642978024713784, -23.66835534122995]	355030838000164	JABAQUARA
[-46.63546047802591, -23.654456646834014]	355030838000293	JABAQUARA
[-46.64632880929088, -23.6429601680932]	355030838000086	JABAQUARA
[-46.63878450039269, -23.665231206025126]	355030838000295	JABAQUARA
[-46.636076876462795, -23.67129679003881]	355030838000266	JABAQUARA
[-46.636824397834545, -23.668814899240136]	355030838000257	JABAQUARA
[-46.63587312342451, -23.633005892344134]	355030838000189	JABAQUARA
[-46.64983062205217, -23.659128771849463]	355030838000033	JABAQUARA
[-46.64039899240243, -23.64043006114378]	355030838000143	JABAQUARA
[-46.63302258837367, -23.632522650946424]	355030838000278	JABAQUARA
[-46.641127818113446, -23.667730984777407]	355030838000162	JABAQUARA
[-46.65385100316368, -23.664316496475056]	355030838000063	JABAQUARA
[-46.63972961103109, -23.635626894051548]	355030838000139	JABAQUARA
[-46.63719408945456, -23.66512445515178]	355030838000205	JABAQUARA
[-46.65826664408428, -23.66084788743143]	355030838000384	JABAQUARA
[-46.651420906313085, -23.662363061987914]	355030838000035	JABAQUARA
[-46.65339787391323, -23.644075416251244]	355030838000082	JABAQUARA
[-46.64764085596258, -23.642813003872263]	355030838000085	JABAQUARA
[-46.6380058308409, -23.65509322543488]	355030838000097	JABAQUARA
[-46.655628831010546, -23.64175295592937]	355030838000129	JABAQUARA
[-46.63908365129105, -23.656802740600995]	355030838000100	JABAQUARA
[-46.6631817240355, -23.654160337734048]	355030838000371	JABAQUARA
[-46.63966568415777, -23.653806442117222]	355030838000096	JABAQUARA
[-46.64415910712559, -23.66875188573828]	355030838000214	JABAQUARA
[-46.643478763663815, -23.666264488748524]	355030838000165	JABAQUARA
[-46.645913790647846, -23.667402698289813]	355030838000167	JABAQUARA
[-46.64163836173051, -23.666542111662483]	355030838000161	JABAQUARA
[-46.662008927111415, -23.655544193478267]	355030838000119	JABAQUARA
[-46.66367497893279, -23.6429092762778]	355030838000276	JABAQUARA
[-46.65642139892342, -23.661238994301016]	355030838000065	JABAQUARA
[-46.66329354106427, -23.652044356972617]	355030838000120	JABAQUARA
[-46.64404962306547, -23.660796483663127]	355030838000054	JABAQUARA
[-46.631797830607304, -23.635789871463725]	355030838000299	JABAQUARA
[-46.637810989779815, -23.633590551940408]	355030838000187	JABAQUARA
[-46.63138042792091, -23.632840568901486]	355030838000246	JABAQUARA
[-46.65673703023456, -23.641675375202404]	355030838000289	JABAQUARA
[-46.64214515928019, -23.663976637513407]	355030838000104	JABAQUARA
[-46.64262231314829, -23.660102382039472]	355030838000284	JABAQUARA
[-46.65991453231435, -23.656460558809577]	355030838000344	JABAQUARA
[-46.63533332941257, -23.664784114390557]	355030838000206	JABAQUARA
[-46.63889129916072, -23.65307592039262]	355030838000095	JABAQUARA
[-46.6386864971753, -23.670253368290357]	355030838000376	JABAQUARA
[-46.63394536392543, -23.643938548465556]	355030838000196	JABAQUARA
[-46.637679865268424, -23.66047501387041]	355030838000156	JABAQUARA
[-46.64877258590064, -23.665327726477845]	355030838000110	JABAQUARA
[-46.644253481067835, -23.6702857577109]	355030838000213	JABAQUARA
[-46.640676707795045, -23.641992639069937]	355030838000144	JABAQUARA
[-46.640639869701296, -23.663367342748725]	355030838000288	JABAQUARA
[-46.65690743589575, -23.65649028480821]	355030838000307	JABAQUARA
[-46.65252367488473, -23.665709423533073]	355030838000061	JABAQUARA
[-46.65536417503091, -23.65733295868267]	355030838000037	JABAQUARA
[-46.6629796551313, -23.6412044929587]	355030838000361	JABAQUARA
[-46.64733106221652, -23.640520848806656]	355030838000087	JABAQUARA
[-46.63805665709443, -23.63077572759787]	355030838000242	JABAQUARA
[-46.645685998540465, -23.65822247009213]	355030838000008	JABAQUARA
[-46.641568994608804, -23.66949411276571]	355030838000212	JABAQUARA
[-46.661636107887816, -23.64120766142296]	355030838000229	JABAQUARA
[-46.64002333759558, -23.633331567857233]	355030838000238	JABAQUARA
[-46.6388881377714, -23.659544208422442]	355030838000353	JABAQUARA
[-46.63307974912614, -23.63516580341763]	355030838000248	JABAQUARA
[-46.66123199856051, -23.656793938354443]	355030838000118	JABAQUARA
[-46.63535167002859, -23.672732048575142]	355030838000263	JABAQUARA
[-46.64612615951202, -23.661053356455632]	355030838000338	JABAQUARA
[-46.639392478401604, -23.66278401364951]	355030838000158	JABAQUARA
[-46.65235493026191, -23.64717051137939]	355030838000341	JABAQUARA
[-46.665399263117045, -23.654509861589943]	355030838000357	JABAQUARA
[-46.66063309414513, -23.652559892336672]	355030838000345	JABAQUARA
[-46.64595188770087, -23.65965218530099]	355030838000009	JABAQUARA
[-46.65006998013076, -23.650318510927534]	355030838000023	JABAQUARA
[-46.64438681402578, -23.659035528852186]	355030838000029	JABAQUARA
[-46.67012419051347, -23.64520999317958]	355030838000365	JABAQUARA
[-46.662323492483154, -23.65288365331237]	355030838000073	JABAQUARA
[-46.6320876026058, -23.672639096159507]	355030838000260	JABAQUARA
[-46.6327951085465, -23.643103863281564]	355030838000255	JABAQUARA
[-46.64949245617821, -23.657992130187257]	355030838000334	JABAQUARA
[-46.63331941742203, -23.671914986487167]	355030838000261	JABAQUARA
[-46.6451387891895, -23.64114096592217]	355030838000088	JABAQUARA
[-46.6505779694284, -23.638684224425624]	355030838000349	JABAQUARA
[-46.63363963253419, -23.671045386078607]	355030838000404	JABAQUARA
[-46.64942970474578, -23.667202809717754]	355030838000171	JABAQUARA
[-46.64450445693012, -23.665581194507396]	355030838000108	JABAQUARA
[-46.664367193900354, -23.64729027915182]	355030838000179	JABAQUARA
[-46.65711795684478, -23.66343104575036]	355030838000111	JABAQUARA
[-46.63579019531449, -23.66002008693099]	355030838000373	JABAQUARA
[-46.64614761892093, -23.655645161979674]	355030838000378	JABAQUARA
[-46.64011454572853, -23.630183032137975]	355030838000235	JABAQUARA
[-46.66802756591121, -23.646546695251224]	355030838000220	JABAQUARA
[-46.667472280345486, -23.645831781924937]	355030838000221	JABAQUARA
[-46.633972477738574, -23.633689585392574]	355030838000366	JABAQUARA
[-46.633297997615344, -23.673977397473546]	355030838000264	JABAQUARA
[-46.63785933224595, -23.66782633969518]	355030838000210	JABAQUARA
[-46.64774752643461, -23.65725619889967]	355030838000011	JABAQUARA
[-46.63498599261377, -23.67084320706988]	355030838000258	JABAQUARA
[-46.62783428634169, -23.644713422654227]	355030838000199	JABAQUARA
[-46.66525270570846, -23.647593141379662]	355030838000178	JABAQUARA
[-46.63457142917266, -23.6656504908134]	355030838000208	JABAQUARA
[-46.64196528045087, -23.665146855570516]	355030838000159	JABAQUARA
[-46.639952872207814, -23.63951994780601]	355030838000292	JABAQUARA
[-46.63973058270963, -23.65487820583922]	355030838000098	JABAQUARA
[-46.64089730591563, -23.630942712512713]	355030838000236	JABAQUARA
[-46.63824836704219, -23.63514968252669]	355030838000188	JABAQUARA
[-46.657519150108016, -23.645032587605726]	355030838000077	JABAQUARA
[-46.649002191237756, -23.657085124789475]	355030838000013	JABAQUARA
[-46.64876459076403, -23.65359873164671]	355030838000332	JABAQUARA
[-46.64592168807064, -23.65307740337916]	355030838000337	JABAQUARA
[-46.63620872730151, -23.655384826812963]	355030838000153	JABAQUARA
[-46.65588306559268, -23.662081677869427]	355030838000347	JABAQUARA
[-46.64541606030105, -23.6504867043114]	355030838000305	JABAQUARA
[-46.66892633277219, -23.647598453354828]	355030838000218	JABAQUARA
[-46.650705416286385, -23.662395984948834]	355030838000060	JABAQUARA
[-46.63898126959299, -23.632478875694826]	355030838000239	JABAQUARA
[-46.64546411532775, -23.66849380972983]	355030838000166	JABAQUARA
[-46.65243541719772, -23.646589814328287]	355030838000044	JABAQUARA
[-46.63428211227154, -23.67387212676001]	355030838000265	JABAQUARA
[-46.6510453503351, -23.645112319756965]	355030838000342	JABAQUARA
[-46.656285650458706, -23.64996720666819]	355030838000042	JABAQUARA
[-46.669229481712996, -23.6455251444766]	355030838000272	JABAQUARA
[-46.64036689491471, -23.668737842215037]	355030838000359	JABAQUARA
[-46.65189743523702, -23.648624889572368]	355030838000281	JABAQUARA
[-46.66614926698221, -23.647865515742666]	355030838000296	JABAQUARA
[-46.6390751128979, -23.631513640710217]	355030838000240	JABAQUARA
[-46.64820312074279, -23.650596857956753]	355030838000335	JABAQUARA
[-46.652218429038186, -23.649286694815117]	355030838000021	JABAQUARA
[-46.65408397459609, -23.64752002995184]	355030838000043	JABAQUARA
[-46.64056280876008, -23.643411010028142]	355030838000146	JABAQUARA
[-46.65693372293727, -23.644648867780496]	355030838000387	JABAQUARA
[-46.64209361642047, -23.637841734926116]	355030838000138	JABAQUARA
[-46.6434380623955, -23.64794754904982]	355030838000050	JABAQUARA
[-46.64945030522568, -23.664479019294568]	355030838000343	JABAQUARA
[-46.649823239031896, -23.662815351115835]	355030838000059	JABAQUARA
[-46.655990874331806, -23.659193296055612]	355030838000067	JABAQUARA
[-46.64049987261061, -23.66440396082175]	355030838000354	JABAQUARA
[-46.64393994637021, -23.648988032785518]	355030838000052	JABAQUARA
[-46.65626423162204, -23.64383803472422]	355030838000290	JABAQUARA
[-46.64038199302155, -23.63239878421322]	355030838000364	JABAQUARA
[-46.645091595931206, -23.65730196080352]	355030838000377	JABAQUARA
[-46.64086911854926, -23.631996320610046]	355030838000362	JABAQUARA
[-46.66778700274236, -23.647063143589513]	355030838000224	JABAQUARA
[-46.65897991808812, -23.644916534016048]	355030838000394	JABAQUARA
[-46.6335011030683, -23.672939088266983]	355030838000262	JABAQUARA
[-46.64456908085915, -23.667403844029508]	355030838000355	JABAQUARA
[-46.634234166061304, -23.662769794621845]	355030838000203	JABAQUARA
[-46.64711291392167, -23.66746890493806]	355030838000169	JABAQUARA
[-46.64121801960909, -23.66165704313348]	355030838000053	JABAQUARA
[-46.64575010395891, -23.665469801230326]	355030838000168	JABAQUARA
[-46.66510062927819, -23.652591372391548]	355030838000174	JABAQUARA
[-46.65872795577445, -23.64362841100638]	355030838000128	JABAQUARA
[-46.642947666395074, -23.67061117150779]	355030838000271	JABAQUARA
[-46.63892599693835, -23.671676923249912]	355030838000268	JABAQUARA
[-46.6335057586093, -23.669935946314997]	355030838000405	JABAQUARA
[-46.64068135898843, -23.638157553675192]	355030838000142	JABAQUARA
[-46.656001224609604, -23.646003274857392]	355030838000079	JABAQUARA
[-46.64254326213927, -23.637517357244533]	355030838000350	JABAQUARA
[-46.63755798420879, -23.631870208587205]	355030838000241	JABAQUARA
[-46.65191601722454, -23.65081640917272]	355030838000279	JABAQUARA
[-46.6523034330234, -23.663211800685716]	355030838000382	JABAQUARA
[-46.636074318991156, -23.664980820450126]	355030838000358	JABAQUARA
[-46.660448987673554, -23.640419955293908]	355030838000401	JABAQUARA
[-46.64680550973535, -23.66659503509352]	355030838000356	JABAQUARA
[-46.65253309578925, -23.640086932758997]	355030838000331	JABAQUARA
[-46.6599781278205, -23.645312372042987]	355030838000127	JABAQUARA
[-46.64742696150132, -23.65601808971278]	355030838000333	JABAQUARA
[-46.6555343822554, -23.659943316972566]	355030838000066	JABAQUARA
[-46.66011885173539, -23.65753089305383]	355030838000070	JABAQUARA
[-46.66197870202451, -23.638768824632816]	355030838000374	JABAQUARA
[-46.634754113399275, -23.669693625652318]	355030838000259	JABAQUARA
[-46.63762064443658, -23.635666845960337]	355030838000191	JABAQUARA
[-46.652755903752194, -23.649957096227038]	355030838000379	JABAQUARA
[-46.63941036243191, -23.67107296631212]	355030838000269	JABAQUARA
[-46.66031338823181, -23.644905958877334]	355030838000410	JABAQUARA
[-46.64421887958811, -23.64815109870219]	355030838000370	JABAQUARA
[-46.667090271749906, -23.64794015243872]	355030838000219	JABAQUARA
[-46.6401375474904, -23.636719125296857]	355030838000291	JABAQUARA
[-46.656465827339936, -23.662958598706744]	355030838000391	JABAQUARA
[-46.661441091827555, -23.64636098199233]	355030838000392	JABAQUARA
[-46.65547589473053, -23.645564504106733]	355030838000314	JABAQUARA
[-46.63450482415421, -23.661537308322472]	355030838000323	JABAQUARA
[-46.66654535621989, -23.646892543957616]	355030838000222	JABAQUARA
[-46.652582260993576, -23.65070431708528]	355030838000367	JABAQUARA
[-46.64398051284742, -23.649408156375884]	355030838000051	JABAQUARA
[-46.655216438607134, -23.663498678434586]	355030838000390	JABAQUARA
[-46.65807185275602, -23.64379193515142]	355030838000395	JABAQUARA
[-46.65973340176938, -23.64602020290128]	355030838000348	JABAQUARA
[-46.660856910409706, -23.646684939902997]	355030838000125	JABAQUARA
[-46.64436240628613, -23.659437354191198]	355030838000030	JABAQUARA
[-46.6401244305816, -23.633917173950238]	355030838000237	JABAQUARA
[-46.65325326115942, -23.649762369660074]	355030838000020	JABAQUARA
[-46.6348486068436, -23.665062081546587]	355030838000399	JABAQUARA
[-46.65227470232523, -23.656569036134623]	355030838000016	JABAQUARA
[-46.634939626099786, -23.66185694777197]	355030838000322	JABAQUARA
[-46.64530813095868, -23.654500279854275]	355030838000006	JABAQUARA
[-46.669136105923954, -23.646292732043413]	355030838000298	JABAQUARA
[-46.66091045859617, -23.639702760743937]	355030838000230	JABAQUARA
[-46.65480343238619, -23.646396672393294]	355030838000080	JABAQUARA
[-46.63681086246587, -23.67246941635989]	355030838000375	JABAQUARA
[-46.632988921161825, -23.674220659768228]	355030838000406	JABAQUARA
[-46.654337328273, -23.658853115234123]	355030838000302	JABAQUARA
[-46.655141913841845, -23.6468348488626]	355030838000315	JABAQUARA
[-46.66190144001984, -23.652546541079026]	355030838000386	JABAQUARA
[-46.656680825754776, -23.65969724010606]	355030838000385	JABAQUARA
[-46.661171731513214, -23.63924824120797]	355030838000326	JABAQUARA
[-46.634422744430466, -23.651114913037883]	355030838000151	JABAQUARA
[-46.667272994022575, -23.64835423984928]	355030838000360	JABAQUARA
[-46.64853967453836, -23.664006936297753]	355030838000058	JABAQUARA
[-46.63872332313515, -23.633357521585037]	355030838000363	JABAQUARA
[-46.64735830050759, -23.662386188555786]	355030838000381	JABAQUARA
[-46.656217380489984, -23.644633350352695]	355030838000078	JABAQUARA
[-46.63618677314818, -23.654926833530443]	355030838000294	JABAQUARA
[-46.66088277017979, -23.645336935931518]	355030838000409	JABAQUARA
[-46.66134736845543, -23.64587054085258]	355030838000124	JABAQUARA
[-46.64234154390468, -23.64907303517437]	355030838000300	JABAQUARA
[-46.63325692786894, -23.668785903609727]	355030838000400	JABAQUARA
[-46.66417980513625, -23.65312559292798]	355030838000121	JABAQUARA
[-46.63743064837206, -23.671789536929655]	355030838000328	JABAQUARA
[-46.66423095803916, -23.653416121960753]	355030838000318	JABAQUARA
[-46.66172538913371, -23.639983832363118]	355030838000324	JABAQUARA
[-46.63774910771106, -23.67213948303486]	355030838000407	JABAQUARA
[-46.63805735107938, -23.67137645360337]	355030838000327	JABAQUARA
[-46.64411405132421, -23.663771641393126]	355030838000107	JABAQUARA
[-46.62761625449737, -23.639973232929652]	355030838000368	JABAQUARA
[-46.66191752130328, -23.639494920719557]	355030838000325	JABAQUARA
[-46.642332128681396, -23.668408170201328]	355030838000321	JABAQUARA
[-46.63401547239411, -23.651515810360152]	355030838000320	JABAQUARA
[-46.647201563717665, -23.663560537423066]	355030838000057	JABAQUARA
[-46.66023046396163, -23.646926247873306]	355030838000372	JABAQUARA
[-46.64987350203486, -23.66532764080441]	355030838000388	JABAQUARA
[-46.64445936981929, -23.66423561745818]	355030838000316	JABAQUARA
[-46.633880861630544, -23.67005561817979]	355030838000403	JABAQUARA
[-46.630936073771935, -23.636199929398185]	355030838000408	JABAQUARA
[-46.64541027794375, -23.665288058603828]	355030838000396	JABAQUARA
[-46.648363364854305, -23.6670795703288]	355030838000398	JABAQUARA
[-46.65708434595228, -23.643705761642607]	355030838000313	JABAQUARA
[-46.64733354677743, -23.65018354124683]	355030838000282	JABAQUARA
[-46.647673645702625, -23.663720236544815]	355030838000311	JABAQUARA
[-46.64757582313123, -23.66721390577946]	355030838000397	JABAQUARA
[-46.65509247021944, -23.660643913517248]	355030838000383	JABAQUARA
[-46.66051387769958, -23.64695588573045]	355030838000393	JABAQUARA
[-46.637722833788416, -23.636042682855145]	355030838000297	JABAQUARA
[-46.66116715458959, -23.642097323249093]	355030838000228	JABAQUARA
[-46.630819398917616, -23.636526221201986]	355030838000402	JABAQUARA
[-46.65129003602398, -23.66382451107761]	355030838000380	JABAQUARA
[-46.64802206539867, -23.663916296916582]	355030838000312	JABAQUARA
[-46.64201867456745, -23.64786140477391]	355030838000336	JABAQUARA
[-46.65569903106675, -23.66352004630585]	355030838000112	JABAQUARA
[-46.63378469910052, -23.65113100877175]	355030838000319	JABAQUARA
[-46.661455170198344, -23.652158900774143]	355030838000411	JABAQUARA
[-46.64779522669146, -23.666864993783083]	355030838000412	JABAQUARA
[-46.66123535020169, -23.64254681872687]	355030838000227	JABAQUARA
[-46.64051514332134, -23.662072831216395]	355030838000329	JABAQUARA
[-46.6421334556846, -23.667917248604773]	355030838000163	JABAQUARA
[-46.6408654725352, -23.66237702681933]	355030838000330	JABAQUARA
[-46.66629506274792, -23.64661804264921]	355030838000223	JABAQUARA
[-46.65600404595351, -23.663241183417085]	355030838000317	JABAQUARA
[-46.63175777911359, -23.63803383545911]	355030838000369	JABAQUARA
[-46.65782259918686, -23.64304186513284]	355030838000126	JABAQUARA
[-46.63133343543266, -23.649987487491558]	355030838000200	JABAQUARA
[-46.64710019869346, -23.652876543858333]	355030838000026	JABAQUARA
[-46.65628601890299, -23.662232962121532]	355030838000389	JABAQUARA
[-46.683878372735236, -23.646420711259868]	355030871000079	SANTO-AMARO
[-46.701984102997, -23.624402751043224]	355030871000073	SANTO-AMARO
[-46.72339799839429, -23.64628736111024]	355030871000089	SANTO-AMARO
[-46.71667618530789, -23.635980425961442]	355030871000067	SANTO-AMARO
[-46.70704149132733, -23.641445156455074]	355030871000015	SANTO-AMARO
[-46.71045702088485, -23.62996440393368]	355030871000069	SANTO-AMARO
[-46.71995600415807, -23.641324193692913]	355030871000090	SANTO-AMARO
[-46.69174337274106, -23.638616194869694]	355030871000009	SANTO-AMARO
[-46.681549852472514, -23.636407936603156]	355030871000056	SANTO-AMARO
[-46.70903356666612, -23.66140743960743]	355030871000081	SANTO-AMARO
[-46.68509386148239, -23.640625565267882]	355030871000120	SANTO-AMARO
[-46.711371521996, -23.657113902014217]	355030871000083	SANTO-AMARO
[-46.69140256451543, -23.650255835272034]	355030871000057	SANTO-AMARO
[-46.7192534870846, -23.653206294317958]	355030871000086	SANTO-AMARO
[-46.70211771027095, -23.65761913455181]	355030871000060	SANTO-AMARO
[-46.71515002349035, -23.650093672746568]	355030871000065	SANTO-AMARO
[-46.71985282644825, -23.648471881432695]	355030871000087	SANTO-AMARO
[-46.6891250699598, -23.632033723716336]	355030871000021	SANTO-AMARO
[-46.707780440408555, -23.63469730507065]	355030871000041	SANTO-AMARO
[-46.70408951691483, -23.637052598643166]	355030871000016	SANTO-AMARO
[-46.69269253789737, -23.64696697854704]	355030871000025	SANTO-AMARO
[-46.71136254028338, -23.647942915992537]	355030871000033	SANTO-AMARO
[-46.69704263747047, -23.655885786630144]	355030871000059	SANTO-AMARO
[-46.70739074635218, -23.65104021530492]	355030871000031	SANTO-AMARO
[-46.70451067387663, -23.653137298252744]	355030871000030	SANTO-AMARO
[-46.68711236566667, -23.63795695324073]	355030871000104	SANTO-AMARO
[-46.692894360466624, -23.64349239266611]	355030871000123	SANTO-AMARO
[-46.7164677163759, -23.657345051790717]	355030871000085	SANTO-AMARO
[-46.712446758760876, -23.653629012492633]	355030871000063	SANTO-AMARO
[-46.69672052805053, -23.62827810244555]	355030871000046	SANTO-AMARO
[-46.697557830231936, -23.6408872071892]	355030871000122	SANTO-AMARO
[-46.67773764082137, -23.649250819636023]	355030871000078	SANTO-AMARO
[-46.70415400567541, -23.647900689564544]	355030871000013	SANTO-AMARO
[-46.67804107970911, -23.647074138659168]	355030871000076	SANTO-AMARO
[-46.679220336634785, -23.64494598629792]	355030871000077	SANTO-AMARO
[-46.69910870345303, -23.648926384710666]	355030871000011	SANTO-AMARO
[-46.67479500490657, -23.64407585798012]	355030871000117	SANTO-AMARO
[-46.68581911819113, -23.631847794807904]	355030871000022	SANTO-AMARO
[-46.69607629104765, -23.647008987742787]	355030871000024	SANTO-AMARO
[-46.68193515029886, -23.632988184820487]	355030871000055	SANTO-AMARO
[-46.693508482912925, -23.635451748192473]	355030871000008	SANTO-AMARO
[-46.70058495049714, -23.653632693206816]	355030871000028	SANTO-AMARO
[-46.70214352286873, -23.642100888579964]	355030871000004	SANTO-AMARO
[-46.710290213459324, -23.64423990826546]	355030871000035	SANTO-AMARO
[-46.696098192822994, -23.633658714807915]	355030871000093	SANTO-AMARO
[-46.7009165120484, -23.638340763890756]	355030871000005	SANTO-AMARO
[-46.691391804114495, -23.62595332478063]	355030871000075	SANTO-AMARO
[-46.711039256308794, -23.651388055576035]	355030871000064	SANTO-AMARO
[-46.713599450709175, -23.64620483867509]	355030871000034	SANTO-AMARO
[-46.68882335078839, -23.638964276614058]	355030871000023	SANTO-AMARO
[-46.71571672111844, -23.64185031797185]	355030871000066	SANTO-AMARO
[-46.69588837238486, -23.64343021083254]	355030871000010	SANTO-AMARO
[-46.676978566960486, -23.641548723481282]	355030871000115	SANTO-AMARO
[-46.70659737332234, -23.64738941558079]	355030871000032	SANTO-AMARO
[-46.699863395113525, -23.640551246582827]	355030871000001	SANTO-AMARO
[-46.698518864643674, -23.634220038625173]	355030871000018	SANTO-AMARO
[-46.70319414105472, -23.62857992950108]	355030871000072	SANTO-AMARO
[-46.6989830554391, -23.637126526981316]	355030871000006	SANTO-AMARO
[-46.70204992148237, -23.650861749914764]	355030871000029	SANTO-AMARO
[-46.695663366744604, -23.651314510515565]	355030871000026	SANTO-AMARO
[-46.70764322763338, -23.656156281893914]	355030871000062	SANTO-AMARO
[-46.71079423283484, -23.633266625726858]	355030871000068	SANTO-AMARO
[-46.70511987728168, -23.657995308559805]	355030871000061	SANTO-AMARO
[-46.69546394914465, -23.631908935132568]	355030871000019	SANTO-AMARO
[-46.68712045398101, -23.62814098068567]	355030871000053	SANTO-AMARO
[-46.691153897876475, -23.653186593807323]	355030871000058	SANTO-AMARO
[-46.711918001824344, -23.638614018694636]	355030871000038	SANTO-AMARO
[-46.70522283582485, -23.643544274586926]	355030871000014	SANTO-AMARO
[-46.69485768438622, -23.653652961455418]	355030871000105	SANTO-AMARO
[-46.69964652223186, -23.629514845957743]	355030871000045	SANTO-AMARO
[-46.70067450037211, -23.644680095160815]	355030871000003	SANTO-AMARO
[-46.70169504127125, -23.63408825739885]	355030871000017	SANTO-AMARO
[-46.6979572353236, -23.644707980393573]	355030871000095	SANTO-AMARO
[-46.7088664051567, -23.62636472057568]	355030871000092	SANTO-AMARO
[-46.713584158012466, -23.64386973569471]	355030871000118	SANTO-AMARO
[-46.6933840203114, -23.63146773044639]	355030871000020	SANTO-AMARO
[-46.69155043462688, -23.630069592103002]	355030871000049	SANTO-AMARO
[-46.70373476350932, -23.6303561307857]	355030871000071	SANTO-AMARO
[-46.711687305495474, -23.641760174509376]	355030871000036	SANTO-AMARO
[-46.714111445700695, -23.639486032911325]	355030871000037	SANTO-AMARO
[-46.718914352250664, -23.645859662509334]	355030871000088	SANTO-AMARO
[-46.69958367175299, -23.625831394335947]	355030871000074	SANTO-AMARO
[-46.69897926915186, -23.631478570653066]	355030871000044	SANTO-AMARO
[-46.69453456030113, -23.627650346780474]	355030871000047	SANTO-AMARO
[-46.71064292907202, -23.636844869919496]	355030871000039	SANTO-AMARO
[-46.71316608370461, -23.657060852741765]	355030871000116	SANTO-AMARO
[-46.70602607091096, -23.62801053998518]	355030871000070	SANTO-AMARO
[-46.69821781527433, -23.65156500636846]	355030871000124	SANTO-AMARO
[-46.69687627022155, -23.63621414655433]	355030871000007	SANTO-AMARO
[-46.701781151713625, -23.646615954405327]	355030871000012	SANTO-AMARO
[-46.69619931321, -23.64025678824008]	355030871000002	SANTO-AMARO
[-46.69768937690441, -23.653648914155077]	355030871000027	SANTO-AMARO
[-46.70435474936797, -23.632676623957412]	355030871000042	SANTO-AMARO
[-46.70730839495359, -23.65865376499322]	355030871000082	SANTO-AMARO
[-46.71455454365171, -23.655818989342478]	355030871000084	SANTO-AMARO
[-46.690348275033976, -23.62739484216475]	355030871000052	SANTO-AMARO
[-46.69578224950296, -23.62578840329973]	355030871000109	SANTO-AMARO
[-46.701932585812486, -23.632164535891466]	355030871000108	SANTO-AMARO
[-46.71339713399244, -23.641300955609502]	355030871000106	SANTO-AMARO
[-46.70050916822472, -23.632498418440864]	355030871000043	SANTO-AMARO
[-46.693347397319556, -23.62926442664072]	355030871000110	SANTO-AMARO
[-46.70222275188359, -23.64854881028785]	355030871000098	SANTO-AMARO
[-46.68845578882947, -23.65236443886501]	355030871000080	SANTO-AMARO
[-46.69366138167632, -23.62640135860205]	355030871000121	SANTO-AMARO
[-46.705370017484306, -23.631886705459046]	355030871000099	SANTO-AMARO
[-46.708624123310514, -23.63421867451133]	355030871000040	SANTO-AMARO
[-46.71430722509424, -23.632804629089986]	355030871000091	SANTO-AMARO
[-46.70111695296482, -23.651421458259122]	355030871000125	SANTO-AMARO
[-46.68998944897891, -23.628715342597808]	355030871000051	SANTO-AMARO
[-46.6912489406522, -23.62810905828188]	355030871000050	SANTO-AMARO
[-46.70877700663536, -23.627888897780817]	355030871000134	SANTO-AMARO
[-46.6923807162626, -23.627916302922213]	355030871000048	SANTO-AMARO
[-46.70328980144957, -23.63210947966477]	355030871000130	SANTO-AMARO
[-46.70690283073755, -23.626002919649913]	355030871000132	SANTO-AMARO
[-46.714678629116925, -23.634293648618343]	355030871000113	SANTO-AMARO
[-46.69299381249276, -23.649391892146625]	355030871000128	SANTO-AMARO
[-46.706840523769415, -23.633295481868906]	355030871000107	SANTO-AMARO
[-46.712091467644065, -23.640148021861663]	355030871000131	SANTO-AMARO
[-46.694517169534144, -23.65588216193144]	355030871000119	SANTO-AMARO
[-46.69662790766749, -23.62724500585924]	355030871000129	SANTO-AMARO
[-46.71626553506869, -23.63473491250904]	355030871000114	SANTO-AMARO
[-46.69367621233284, -23.655142186401022]	355030871000100	SANTO-AMARO
[-46.713770669962976, -23.63354584460534]	355030871000112	SANTO-AMARO
[-46.69704708812918, -23.656462900847256]	355030871000101	SANTO-AMARO
[-46.69608132817621, -23.65696504217994]	355030871000127	SANTO-AMARO
[-46.70106924245709, -23.630661528704774]	355030871000103	SANTO-AMARO
[-46.6958088607297, -23.65588174304389]	355030871000094	SANTO-AMARO
[-46.715616838050586, -23.635583644022105]	355030871000133	SANTO-AMARO
[-46.71445259935075, -23.639894705133052]	355030871000126	SANTO-AMARO
[-46.70245182894375, -23.646303926291477]	355030871000097	SANTO-AMARO
[-46.71495686447081, -23.639314882179328]	355030871000102	SANTO-AMARO
[-46.700879789540416, -23.646614374079945]	355030871000096	SANTO-AMARO
[-46.68539188768606, -23.629021706073694]	355030871000054	SANTO-AMARO
[-46.715569157359944, -23.64005891869027]	355030871000111	SANTO-AMARO
